{"providers":[{"file":"plasmo_emotes:font/emotes/dggl_e27a69b4390d5cd323977b5cfdcdd768.png","chars":[""],"height":11,"ascent":9,"type":"bitmap"},{"file":"plasmo_emotes:font/emotes/grug_e31cf3e33a0ca79e68fed4355134f8f3.png","chars":[""],"height":11,"ascent":9,"type":"bitmap"},{"file":"plasmo_emotes:font/emotes/bingqilin_9ab237690346f80914a781472b9c1ba5.png","chars":[""],"height":11,"ascent":9,"type":"bitmap"},{"file":"plasmo_emotes:font/emotes/ree_1a8c40edc1a85e32a4118f001d7c17f4.png","chars":[""],"height":11,"ascent":9,"type":"bitmap"},{"file":"plasmo_emotes:font/emotes/derpstiny_c62b96b6e593a823147d0ae99b5e8a03.png","chars":[""],"height":11,"ascent":9,"type":"bitmap"},{"file":"plasmo_emotes:font/emotes/poggers_198133aaaedac9c63c4ab9c11d11e5c5.png","chars":[""],"height":11,"ascent":9,"type":"bitmap"},{"file":"plasmo_emotes:font/emotes/pepe_98bbf46638a570987ba6cf6b812e60ae.png","chars":[""],"height":11,"ascent":9,"type":"bitmap"},{"file":"plasmo_emotes:font/emotes/pootube_0934e2798250df8853db77b36c28e262.png","chars":[""],"height":11,"ascent":9,"type":"bitmap"},{"file":"plasmo_emotes:font/emotes/sweatstiny_e3e8dff6b6ae45c729175e88c8ed4aa4.png","chars":[""],"height":11,"ascent":9,"type":"bitmap"},{"file":"plasmo_emotes:font/emotes/nathanw_3e0950c3e5e71e3752f3522ee20d24f4.png","chars":[""],"height":11,"ascent":9,"type":"bitmap"},{"file":"plasmo_emotes:font/emotes/feelsokeyman_3e2b22e4ce8e652520455a9e47d87c27.png","chars":[""],"height":11,"ascent":9,"type":"bitmap"},{"file":"plasmo_emotes:font/emotes/duckerz_d83133cccfbe257afe7e16bc1cf72dd1.png","chars":[""],"height":11,"ascent":9,"type":"bitmap"},{"file":"plasmo_emotes:font/emotes/ferretlol_cf0aefc47cfdc0ceaea490298f2df676.png","chars":[""],"height":11,"ascent":9,"type":"bitmap"},{"file":"plasmo_emotes:font/emotes/coomer_4d09f5bc7ae42fe09843b43c727b236f.png","chars":[""],"height":11,"ascent":9,"type":"bitmap"},{"file":"plasmo_emotes:font/emotes/monkasmega_09519f78c080cb5170f0738105025112.png","chars":[""],"height":11,"ascent":9,"type":"bitmap"},{"file":"plasmo_emotes:font/emotes/nathanwoa_ad8f6886af38cd1dd6c5c17060eb67de.png","chars":[""],"height":11,"ascent":9,"type":"bitmap"},{"file":"plasmo_emotes:font/emotes/whoahdude_2f98ec105ee4195393eb495f7bcafd00.png","chars":[""],"height":11,"ascent":9,"type":"bitmap"},{"file":"plasmo_emotes:font/emotes/durrstiny_4f73a34a88b59fa6aa14dd18793f2ecf.png","chars":[""],"height":11,"ascent":9,"type":"bitmap"},{"file":"plasmo_emotes:font/emotes/feelsbirthdayman_8e973ede1c0331b6a7ab5d9b97f80325.png","chars":[""],"height":11,"ascent":9,"type":"bitmap"},{"file":"plasmo_emotes:font/emotes/zoomer_c5a6bffc7e6c1c8a224174525acb3d95.png","chars":[""],"height":11,"ascent":9,"type":"bitmap"},{"file":"plasmo_emotes:font/emotes/nahh_aa41e4fecbf07d4059dd5b5852e0f8e6.png","chars":[""],"height":11,"ascent":9,"type":"bitmap"},{"file":"plasmo_emotes:font/emotes/apehands_83a9d98cd3afa26a830f08d6f47fbd57.png","chars":[""],"height":11,"ascent":9,"type":"bitmap"},{"file":"plasmo_emotes:font/emotes/malarkey_458b9cf11231d571de695f3405b48e29.png","chars":[""],"height":11,"ascent":9,"type":"bitmap"},{"file":"plasmo_emotes:font/emotes/feelsbadman_9ef42cd3ab927524a1821b1f8f7ea775.png","chars":[""],"height":11,"ascent":9,"type":"bitmap"},{"file":"plasmo_emotes:font/emotes/dankmemes_180bde7028cf24e3887690cca5049fb8.png","chars":[""],"height":11,"ascent":9,"type":"bitmap"},{"file":"plasmo_emotes:font/emotes/pog_8b0bdafc59ef0782dcd99ab57434699d.png","chars":[""],"height":11,"ascent":9,"type":"bitmap"},{"file":"plasmo_emotes:font/emotes/gigachad_d06236a368d8e709e92666d522d5a7d5.png","chars":[""],"height":11,"ascent":9,"type":"bitmap"},{"file":"plasmo_emotes:font/emotes/aware_21d959e09d8096886a0801bed93ed479.png","chars":[""],"height":11,"ascent":9,"type":"bitmap"},{"file":"plasmo_emotes:font/emotes/fivehead_0cd55b7b1038f9be32253d619602faac.png","chars":[""],"height":11,"ascent":9,"type":"bitmap"},{"file":"plasmo_emotes:font/emotes/pepew_a5fb93c10f7106fba8d1f31abae0f497.png","chars":[""],"height":11,"ascent":9,"type":"bitmap"},{"file":"plasmo_emotes:font/emotes/potato_421cfe859adebedcea5d6f4fc5d540e2.png","chars":[""],"height":11,"ascent":9,"type":"bitmap"},{"file":"plasmo_emotes:font/emotes/teddypepe_cd68b5ed53c2b73a53b3b6ec3be2b2a0.png","chars":[""],"height":11,"ascent":9,"type":"bitmap"},{"file":"plasmo_emotes:font/emotes/yee_fecb8156cecbc31e03e861737cc0c0a7.png","chars":[""],"height":11,"ascent":9,"type":"bitmap"},{"file":"plasmo_emotes:font/emotes/notears_99e896455ba7552d3257a5c2d2c88f93.png","chars":[""],"height":11,"ascent":9,"type":"bitmap"},{"file":"plasmo_emotes:font/emotes/stare_b3869ccc4db9b24c94ba6a9ba1465a38.png","chars":[""],"height":11,"ascent":9,"type":"bitmap"},{"file":"plasmo_emotes:font/emotes/omegalul_c7fad0924d4a89328aab8972b7363028.png","chars":[""],"height":11,"ascent":9,"type":"bitmap"},{"file":"plasmo_emotes:font/emotes/lulw_17c1c57d01c492f4041bb203d5580c9f.png","chars":[""],"height":11,"ascent":9,"type":"bitmap"},{"file":"plasmo_emotes:font/emotes/cutestiny_b790c760d3fdb505fc9e9525997e917f.png","chars":[""],"height":11,"ascent":9,"type":"bitmap"},{"file":"plasmo_emotes:font/emotes/yeemods_78e246a3a644b0e560ce4226aedcb5a4.png","chars":[""],"height":11,"ascent":9,"type":"bitmap"},{"file":"plasmo_emotes:font/emotes/pepok_30c70f768bb07e9086ca9575e8ff81c3.png","chars":[""],"height":11,"ascent":9,"type":"bitmap"},{"file":"plasmo_emotes:font/emotes/pepocomfy_6170f73faaf91ba044d486e9f6e51f4a.png","chars":[""],"height":11,"ascent":9,"type":"bitmap"},{"file":"plasmo_emotes:font/emotes/tf_3586e5378d4d79ec954b54dc17f3eecc.png","chars":[""],"height":11,"ascent":9,"type":"bitmap"},{"file":"plasmo_emotes:font/emotes/gameofthrows_b0c9b95a0c17797e29d22412066f9609.png","chars":[""],"height":11,"ascent":9,"type":"bitmap"},{"file":"plasmo_emotes:font/emotes/mmmm_b4a84674e0f593f3589a1d45a09d6154.png","chars":[""],"height":11,"ascent":9,"type":"bitmap"},{"file":"plasmo_emotes:font/emotes/yeelaugh_34d875e27f9b01ca54c8b459d7715cfb.png","chars":[""],"height":11,"ascent":9,"type":"bitmap"},{"file":"plasmo_emotes:font/emotes/abathur_df3147461584d2a210e8e117c1bafd9a.png","chars":[""],"height":11,"ascent":9,"type":"bitmap"},{"file":"plasmo_emotes:font/emotes/catjam_687b1cee4512013276e6ce9f11b80d7a.png","chars":[""],"height":11,"ascent":9,"type":"bitmap"},{"file":"plasmo_emotes:font/emotes/copium_e8827de8af8f1ce3b39f9f16289cf404.png","chars":[""],"height":11,"ascent":9,"type":"bitmap"},{"file":"plasmo_emotes:font/emotes/ayaya_ce064a92d785c962bd168f96934e7953.png","chars":[""],"height":11,"ascent":9,"type":"bitmap"}]}